index,prompt,model_name,final_score,all_scores,all_reasons,timestamp
0,那一刻，我长大了,14B,9.0,[],"评估成功：评价：情感真挚，结构完整，通过具体事件生动展现成长瞬间，语言流畅有感染力。
分数：9.0",2025-11-03 12:05:46
1,网络时代需要怎样的阅读,14B,9.0,[],"评估成功：评价：文章紧扣主题，结构清晰，从问题到对策层层递进，语言流畅且富有文采，观点深刻。
分数：9.0",2025-11-03 12:05:51
2,家乡的老街记忆,14B,9.2,[],"评估成功：评价：文章紧扣主题，结构清晰，语言细腻生动，情感真挚，通过时间变化展现老街风貌，富有感染力。
分数：",2025-11-03 12:05:56
3,人工智能与人类未来,14B,9.2,[],"评估成功：评价：紧扣主题，结构清晰，语言优美，观点平衡，兼具深度与文采。
分数：9.2",2025-11-03 12:06:01
4,守护绿水青山,14B,8.5,[],"评估成功：评价：内容紧扣主题，结构清晰，语言优美，引用历史与现代案例增强说服力，但创新性稍显不足。
分数：8.",2025-11-03 12:06:06
5,友谊的温度,14B,8.2,[],"评估成功：评价：紧扣主题，结构清晰，语言优美，引用历史典故增强说服力，但创新性稍显不足。
分数：8.2",2025-11-03 12:06:11
6,我的理想职业,14B,9.0,[],"评估成功：评价：文章紧扣主题，结构清晰，语言优美，情感真挚，展现了医生职业的崇高与个人追求。
分数：9.0",2025-11-03 12:06:17
7,书香伴我成长,14B,9.2,[],"评估成功：评价：紧扣主题，情感真挚，结构清晰，语言优美，通过具体事例展现书籍对成长的深远影响。
分数：9.2",2025-11-03 12:06:22
8,故乡的变迁,14B,8.5,[],"评估成功：评价：文章紧扣主题，通过小溪变迁展现故乡变化，情感真挚，结构清晰，语言优美，但创新性稍显不足。
分数",2025-11-03 12:06:27
9,雨中的那把伞,14B,8.5,[],"评估成功：评价：情感真挚，细节生动，结构完整，通过伞的意象巧妙展现母爱主题，语言流畅自然。
分数：8.5",2025-11-03 12:06:32
10,科技改变生活,14B,9.2,[],"评估成功：评价：文章结构严谨，从古至今层层递进，引用恰当，语言优美，充分展现了科技对文明的深远影响。
分数：9",2025-11-03 12:06:37
11,传统文化的魅力,14B,8.2,[],"评估成功：评价：紧扣主题，结构清晰，语言优美，但创新性稍显不足，主要聚焦诗词而忽略其他方面。
分数：8.2",2025-11-03 12:06:42
12,环保从我做起,14B,8.2,[],"评估成功：评价：紧扣主题，结构清晰，语言流畅，但创新性稍显不足，以常见环保行动为主。
分数：8.2",2025-11-03 12:06:48
13,沟通的艺术,14B,9.2,[],"评估成功：评价：文章紧扣主题，结构清晰，从历史到现代层层递进，语言优美，例证丰富，观点深刻。
分数：9.2",2025-11-03 12:06:53
14,梦想的力量,14B,8.5,[],"评估成功：评价：紧扣主题，结构清晰，语言优美，引用丰富，但创新性稍显不足。
分数：8.5",2025-11-03 12:06:58
15,读《平凡的世界》有感,14B,8.5,[],"评估成功：评价：紧扣主题，结构清晰，语言优美，结合人物分析深刻，但创新性稍显不足。
分数：8.5",2025-11-03 12:07:03
16,城市与乡村,14B,8.5,[],"评估成功：评价：文章结构清晰，从文明角度切入，语言优美，观点深刻，但创新性稍显不足。
分数：8.5",2025-11-03 12:07:08
17,时间都去哪儿了,14B,9.2,[],"评估成功：评价：结构严谨，引经据典，语言优美，深刻探讨时间的本质与意义，兼具哲理性和文学性。
分数：9.2",2025-11-03 12:07:13
18,四季的馈赠,14B,9.2,[],"评估成功：评价：紧扣主题，结构清晰，语言优美，将四季与人生哲理自然融合，富有感染力。
分数：9.2",2025-11-03 12:07:19
19,创新与发展,14B,9.2,[],"评估成功：评价：文章紧扣主题，结构清晰，语言优美，通过历史实例层层递进，展现了创新对文明发展的推动作用。
分数",2025-11-03 12:07:24
20,我眼中的美,14B,9.2,[],"评估成功：评价：文章紧扣主题，结构清晰，语言优美，通过平凡场景展现美的多样性，富有感染力。
分数：9.2",2025-11-03 12:07:29
21,手机与我们,14B,8.2,[],"评估成功：评价：文章紧扣主题，结构清晰，语言优美，比喻生动，但创新性稍显不足，观点较为常见。
分数：8.2",2025-11-03 12:07:34
22,青春的色彩,14B,8.5,[],"评估成功：评价：紧扣主题，结构清晰，语言生动，通过个人经历展现青春的多彩，富有感染力。
分数：8.5",2025-11-03 12:07:39
23,榜样的力量,14B,9.2,[],"评估成功：评价：文章结构严谨，内容紧扣主题，语言优美流畅，通过多领域实例生动展现榜样的力量，结尾升华有力。

",2025-11-03 12:07:45
24,传统文化的现代价值,14B,8.5,[],"评估成功：评价：文章紧扣主题，结构清晰，语言优美，引用丰富，展现了传统文化的多重现代价值，创新性略显不足。

",2025-11-03 12:07:50
25,我最喜欢的一本书,14B,9.2,[],"评估成功：评价：紧扣主题，情感真挚，结构清晰，语言优美，通过个人感悟深化了作品内涵。
分数：9.2",2025-11-03 12:07:55
26,家乡的味道,14B,9.2,[],"评估成功：评价：文章情感真挚，通过外婆的厨房和饺子细节，生动展现家乡味道，结构完整，语言优美。
分数：9.2",2025-11-03 12:08:00
27,挫折让我更坚强,14B,8.5,[],"评估成功：评价：文章紧扣主题，结构清晰，语言优美，运用名人案例增强说服力，但创新性稍显不足。
分数：8.5",2025-11-03 12:08:05
28,读书的乐趣,14B,9.2,[],"评估成功：评价：文章紧扣主题，结构清晰，语言优美，通过个人经历和深度思考展现了读书的多重乐趣，富有感染力。

",2025-11-03 12:08:10
29,科技的双刃剑,14B,9.2,[],"评估成功：评价：文章紧扣主题，结构清晰，语言优美，通过神话与实例结合，深刻剖析科技的双刃性，创新性强。

分数",2025-11-03 12:08:16
30,我的未来不是梦,14B,8.5,[],"评估成功：评价：紧扣主题，结构清晰，语言流畅，引用丰富，但创新性稍显不足。
分数：8.5",2025-11-03 12:08:21
31,我与书的故事,14B,9.2,[],"评估成功：评价：文章紧扣主题，情感真挚，结构清晰，语言优美，通过具体事例生动展现了书籍对个人成长的深远影响。
",2025-11-03 12:08:26
32,童年的记忆,14B,9.0,[],"评估成功：评价：作文紧扣主题，结构清晰，语言生动，情感真挚，细节描写富有画面感，唤起共鸣。
分数：9.0",2025-11-03 12:08:31
33,诚信的价值,14B,8.5,[],"评估成功：评价：文章结构严谨，从历史到现代多角度论证诚信价值，语言流畅，引用恰当，但创新性稍显不足。
分数：8",2025-11-03 12:08:37
34,星空下的思考,14B,8.5,[],"评估成功：评价：紧扣主题，结构清晰，语言优美，引用丰富，但创新性稍显不足。
分数：8.5",2025-11-03 12:08:42
35,奋斗的青春,14B,9.2,[],"评估成功：评价：紧扣主题，结构清晰，语言优美，引用丰富，展现了奋斗与青春的深刻联系。
分数：9.2",2025-11-03 12:08:47
36,一本好书的影响,14B,9.2,[],"评估成功：评价：文章结构严谨，内容紧扣主题，语言优美流畅，观点深刻，展现了书籍对人类文明的深远影响。
分数：9",2025-11-03 12:08:52
37,虚拟与现实,14B,9.2,[],"评估成功：评价：文章结构严谨，从历史到现代层层递进，语言优美富有哲理，深刻探讨了虚拟与现实的辩证关系。
分数：",2025-11-03 12:08:57
38,保护野生动物,14B,9.2,[],"评估成功：评价：文章紧扣主题，结构清晰，语言生动感人，结合实例与数据，呼吁保护野生动物，富有感染力。
分数：9",2025-11-03 12:09:02
39,理想与现实,14B,8.5,[],评估成功：评价：文章紧扣主题，以中国文人精神为线索，结构清晰，语言优美，引经据典，富有文采，但创新性稍显不足。,2025-11-03 12:09:08
40,阅读改变人生,14B,9.2,[],"评估成功：评价：文章紧扣主题，结构清晰，语言优美，引用丰富，展现了阅读对文明的深远影响。
分数：9.2",2025-11-03 12:09:13
41,创新与传统,14B,9.2,[],评估成功：评价：文章紧扣主题，结构清晰，语言优美，通过丰富的历史文化例证阐述了创新与传统的辩证关系，观点深刻。,2025-11-03 12:09:18
42,《红楼梦》读后感,14B,9.2,[],"评估成功：评价：文章结构严谨，语言优美，深入剖析《红楼梦》的主题与人物，观点新颖，富有哲思。
分数：9.2",2025-11-03 12:09:24
43,人工智能时代,14B,9.2,[],评估成功：评价：文章结构严谨，从认知重构到文明变革层层递进，语言富有哲理深度，观点新颖独特，展现了人工智能时代,2025-11-03 12:09:29
44,共建美丽家园,14B,8.2,[],"评估成功：评价：文章紧扣主题，结构清晰，语言流畅，论点丰富，但结尾略显仓促，创新性一般。
分数：8.2",2025-11-03 12:09:34
45,书中的黄金屋,14B,8.5,[],"评估成功：评价：文章紧扣主题，结构清晰，语言优美，结合历史与现实阐述书籍价值，但创新性稍显不足。
分数：8.5",2025-11-03 12:09:39
46,妈妈的背影,14B,8.5,[],"评估成功：评价：情感真挚，细节生动，通过雨天场景细腻刻画母爱，结构完整，语言流畅。
分数：8.5",2025-11-03 12:09:45
47,科技与伦理,14B,9.2,[],"评估成功：评价：文章紧扣主题，结构清晰，语言优美，引经据典，展现了科技与伦理的深刻思考，创新性较强。

分数：",2025-11-03 12:09:50
48,我的中国梦,14B,8.2,[],"评估成功：评价：紧扣主题，结构清晰，语言流畅，情感真挚，但创新性稍显不足。
分数：8.2",2025-11-03 12:09:55
49,经典的力量,14B,9.2,[],"评估成功：评价：文章紧扣主题，结构清晰，语言优美，引用丰富，深刻阐述了经典的普世价值和时代意义。
分数：9.2",2025-11-03 12:10:00
50,非物质文化遗产,14B,9.2,[],"评估成功：评价：文章紧扣主题，结构清晰，语言优美，观点深刻，结合历史与现实，呼吁保护非遗。
分数：9.2",2025-11-03 12:10:06
51,我与图书馆,14B,9.2,[],"评估成功：评价：文章情感真挚，结构完整，语言优美，通过具体经历生动展现了图书馆对个人成长的意义。
分数：9.2",2025-11-03 12:10:11
52,父亲的双手,14B,9.2,[],评估成功：评价：文章紧扣主题，情感真挚，通过具体事例生动展现父亲双手的力量与温暖，结构清晰，语言优美，富有感染,2025-11-03 12:10:16
53,我最敬佩的人,14B,8.5,[],"评估成功：评价：文章紧扣主题，结构清晰，语言优美，通过居里夫人的事迹生动展现敬佩之情，但创新性稍显不足。

分",2025-11-03 12:10:21
54,人与自然和谐共生,14B,9.2,[],评估成功：评价：文章紧扣主题，结构清晰，语言优美，通过历史对比和现实案例论证人与自然和谐共生的重要性，富有感染,2025-11-03 12:10:27
55,阅读的收获,14B,9.2,[],"评估成功：评价：文章紧扣主题，结构清晰，语言优美，引用丰富，展现了阅读的多重收获，富有感染力。

分数：9.2",2025-11-03 12:10:32
56,可持续发展,14B,8.5,[],"评估成功：评价：文章结构严谨，内容全面覆盖可持续发展主题，语言优美且富有哲理，观点深刻，但创新性稍显不足。
分",2025-11-03 12:10:37
57,《论语》读后感,14B,9.0,[],"评估成功：评价：紧扣主题，结构清晰，语言优美，结合现代视角阐释《论语》思想，富有现实意义。
分数：9.0",2025-11-03 12:10:42
58,传统与现代,14B,9.2,[],"评估成功：评价：作文紧扣主题，结构清晰，语言优美，通过丰富例证探讨传统与现代的和谐共生，富有文采和深度。
分数",2025-11-03 12:10:47
59,我与书为友,14B,8.5,[],"评估成功：评价：文章紧扣主题，结构清晰，语言流畅，通过具体事例展现书对成长的积极影响，情感真挚。
分数：8.5",2025-11-03 12:10:53
60,月是故乡明,14B,8.5,[],"评估成功：评价：紧扣主题，情感真挚，结构清晰，语言优美，引用诗句增强文采，但创新性稍显不足。
分数：8.5",2025-11-03 12:10:58
61,文化多样性,14B,8.5,[],"评估成功：评价：作文紧扣主题，结构清晰，语言优美，例证丰富，但创新性稍显不足。
分数：8.5",2025-11-03 12:11:03
62,《远方的呼唤》,14B,8.5,[],"评估成功：评价：情感真挚，结构完整，语言优美，通过具体细节生动展现主题，但创新性稍显不足。
分数：8.5",2025-11-03 12:11:08
63,《时光的印记》,14B,9.2,[],"评估成功：评价：文章紧扣主题，结构清晰，语言优美，从自然到历史再到个人层层递进，富有哲理和感染力。

分数：9",2025-11-03 12:11:14
64,《窗外的风景》,14B,9.2,[],评估成功：评价：文章紧扣主题，结构清晰，语言优美，通过细腻的观察和感悟，将窗外风景与人生哲理巧妙结合，富有诗意,2025-11-03 12:11:19
65,《成长的足迹》,14B,9.0,[],评估成功：评价：文章紧扣主题，通过训练小狗的生动故事展现成长感悟，结构清晰，语言流畅，情感真挚，结尾升华自然。,2025-11-03 12:11:24
66,《友谊的温度》,14B,9.0,[],"评估成功：评价：文章紧扣主题，结构清晰，情感真挚，语言优美，通过具体事例和引用生动展现了友谊的温暖。
分数：9",2025-11-03 12:11:29
67,《梦想的翅膀》,14B,8.5,[],"评估成功：评价：紧扣主题，结构清晰，语言优美，举例丰富，但创新性稍显不足。
分数：8.5",2025-11-03 12:11:34
68,《雨中的故事》,14B,8.2,[],"评估成功：评价：紧扣主题，情感真挚，结构完整，语言流畅，但创新性稍显不足。
分数：8.2",2025-11-03 12:11:40
69,《记忆的碎片》,14B,9.2,[],"评估成功：评价：文章紧扣主题，情感真挚，结构清晰，语言优美，通过具体回忆片段生动展现记忆的珍贵。
分数：9.2",2025-11-03 12:11:45
70,《心灵的独白》,14B,8.5,[],"评估成功：评价：紧扣主题，结构清晰，语言优美，引用丰富，但创新性稍显不足。
分数：8.5",2025-11-03 12:11:50
71,《生活的色彩》,14B,9.2,[],"评估成功：评价：文章紧扣主题，结构清晰，语言优美，通过自然、文化和个人生活多角度展开，富有诗意和创新性。
分数",2025-11-03 12:11:55
72,《选择的智慧》,14B,8.5,[],"评估成功：评价：紧扣主题，结构清晰，语言优美，引用历史事例丰富，但创新性稍显不足。
分数：8.5",2025-11-03 12:12:01
73,《平凡的力量》,14B,9.2,[],"评估成功：评价：文章紧扣主题，结构清晰，语言优美，通过历史与现实例子生动阐释平凡中的伟大力量。
分数：9.2",2025-11-03 12:12:06
74,《自然的馈赠》,14B,9.2,[],"评估成功：评价：紧扣主题，结构清晰，语言优美，引经据典，富有哲理性和反思深度。
分数：9.2",2025-11-03 12:12:11
75,《城市的脉搏》,14B,9.2,[],"评估成功：评价：文章紧扣主题，结构清晰，从历史到现代层层递进，语言优美流畅，观点深刻，展现了城市的多元脉搏。
",2025-11-03 12:12:16
76,《乡村的晨雾》,14B,9.0,[],"评估成功：评价：描写细腻生动，结构完整，语言优美，情感真挚，紧扣乡村晨雾主题。
分数：9.0",2025-11-03 12:12:22
77,《星空下的遐想》,14B,8.5,[],"评估成功：评价：紧扣主题，结构清晰，语言优美，融合神话与科学，富有哲理与诗意，创新性稍显不足。

分数：8.5",2025-11-03 12:12:27
78,《山的那一边》,14B,8.5,[],"评估成功：评价：文章紧扣主题，结构清晰，语言优美，引用丰富，但创新性稍显不足，整体表现优秀。

分数：8.5",2025-11-03 12:12:32
79,《河流的诉说》,14B,9.2,[],评估成功：评价：文章以河流第一人称视角展开，紧扣主题，结构清晰，语言优美，引用经典增强深度，富有哲理性和感染力,2025-11-03 12:12:37
80,《季节的轮回》,14B,8.2,[],"评估成功：评价：故事构思新颖，将季节轮回拟人化，语言优美流畅，结构完整，但结尾略显仓促。
分数：8.2",2025-11-03 12:12:43
81,《童年的纸飞机》,14B,9.2,[],"评估成功：评价：紧扣主题，情感真挚，结构完整，语言优美，通过具体事件升华童年回忆。
分数：9.2",2025-11-03 12:12:48
82,《青春的诗行》,14B,8.5,[],"评估成功：评价：紧扣主题，结构清晰，语言优美，引用历史人物丰富内容，但创新性稍显不足。
分数：8.5",2025-11-03 12:12:53
83,《岁月的馈赠》,14B,9.0,[],"评估成功：评价：文章紧扣主题，结构清晰，语言优美，情感真挚，通过个人经历生动展现了岁月的馈赠。
分数：9.0",2025-11-03 12:12:58
84,《守望的距离》,14B,8.5,[],"评估成功：评价：紧扣主题，结构清晰，语言优美，引用丰富，但创新性稍显不足。
分数：8.5",2025-11-03 12:13:04
85,《远航的帆》,14B,9.2,[],"评估成功：评价：紧扣主题，结构清晰，语言优美，通过历史、自然和现代视角层层递进，富有哲理和感染力。
分数：9.",2025-11-03 12:13:09
86,《归途的灯火》,14B,9.2,[],"评估成功：评价：文章紧扣主题，情感真挚，结构清晰，语言优美，通过灯火象征母爱与希望，富有哲理和感染力。
分数：",2025-11-03 12:13:14
87,《沉默的回响》,14B,8.2,[],"评估成功：评价：紧扣主题，结构清晰，语言优美，引用丰富，但创新性稍显不足，部分论点略显牵强。
分数：8.2",2025-11-03 12:13:20
88,《光影之间》,14B,9.2,[],"评估成功：评价：文章紧扣主题，结构清晰，语言优美，通过自然、艺术和生活多角度展现光影的深层意蕴。
分数：9.2",2025-11-03 12:13:25
89,《泥土的芬芳》,14B,8.5,[],"评估成功：评价：文章紧扣主题，结构清晰，语言优美，引用丰富，展现了泥土的文化与精神内涵，但创新性稍显不足。

",2025-11-03 12:13:30
90,《风的足迹》,14B,9.2,[],"评估成功：评价：紧扣主题，结构清晰，语言优美，从自然、历史、文化多角度展开，富有哲理深度。
分数：9.2",2025-11-03 12:13:35
91,《云端的梦想》,14B,9.2,[],"评估成功：评价：文章紧扣主题，结构清晰，语言优美，引用丰富，展现了云端梦想的多重象征意义。

分数：9.2",2025-11-03 12:13:40
92,《落叶的私语》,14B,9.2,[],"评估成功：评价：紧扣主题，结构清晰，语言优美，引用丰富，富有哲理和诗意，展现了落叶的深层象征意义。
分数：9.",2025-11-03 12:13:46
93,《晨曦的微光》,14B,9.2,[],"评估成功：评价：文章紧扣主题，描写细腻生动，结构清晰，语言优美，通过晨曦景象传达希望与哲理，富有感染力。
分数",2025-11-03 12:13:51
94,《暮色的温柔》,14B,9.2,[],"评估成功：评价：文章紧扣主题，结构清晰，语言优美，情感细腻，通过生动的比喻和回忆展现了暮色的温柔氛围。

分数",2025-11-03 12:13:56
95,《冰雪的童话》,14B,9.2,[],"评估成功：评价：故事想象力丰富，情节曲折动人，语言生动优美，主题温暖深刻，结构完整。
分数：9.2",2025-11-03 12:14:01
96,《烈火的考验》,14B,9.2,[],"评估成功：评价：文章以凤凰涅槃的寓言紧扣主题，结构完整，语言生动形象，寓意深刻，富有感染力。
分数：9.2",2025-11-03 12:14:07
97,《破晓的曙光》,14B,9.2,[],评估成功：评价：文章紧扣主题，通过细腻的景物描写和情感变化，生动展现了破晓曙光带来的希望与新生，结构清晰，语言,2025-11-03 12:14:12
98,《黄昏的剪影》,14B,9.2,[],"评估成功：评价：紧扣主题，描写细腻生动，结构层次分明，语言优美富有诗意，情感真挚动人。
分数：9.2",2025-11-03 12:14:17
99,《浪花的歌唱》,14B,8.5,[],"评估成功：评价：紧扣主题，结构清晰，语言优美，引用丰富，但创新性稍显不足。
分数：8.5",2025-11-03 12:14:23
100,《石头的记忆》,14B,9.2,[],"评估成功：评价：紧扣主题，结构清晰，语言优美，通过历史与文学实例生动展现石头的记忆内涵。
分数：9.2",2025-11-03 12:14:28
101,《种子的力量》,14B,9.2,[],"评估成功：评价：紧扣主题，结构清晰，语言优美，结合神话、历史与科技，富有深度和感染力。
分数：9.2",2025-11-03 12:14:33
102,《桥梁的意义》,14B,9.2,[],"评估成功：评价：文章紧扣主题，结构清晰，从历史、科技到未来层层递进，语言优美，引用恰当，富有文采和创新性。
分",2025-11-03 12:14:38
103,《镜中的自己》,14B,9.2,[],"评估成功：评价：文章紧扣主题，结构清晰，语言优美，融合哲学与文学元素，富有深度和创新性。
分数：9.2",2025-11-03 12:14:43
104,《路口的抉择》,14B,9.2,[],评估成功：评价：文章紧扣主题，通过细腻的场景描写和心理刻画，生动展现了抉择时的内心挣扎与成长，结构完整，语言优,2025-11-03 12:14:49
105,《彼岸的风景》,14B,9.2,[],"评估成功：评价：文章紧扣主题，结构清晰，语言优美，通过哲理思考升华主题，富有感染力。
分数：9.2",2025-11-03 12:14:54
106,《掌心的温度》,14B,8.5,[],"评估成功：评价：文章紧扣主题，通过细腻的描写展现亲情温暖，结构完整，语言流畅，情感真挚。
分数：8.5",2025-11-03 12:15:00
107,《耳畔的回声》,14B,9.2,[],"评估成功：评价：文章紧扣主题，情感真挚，结构完整，语言优美，通过回忆外婆的故事生动诠释了""回声""的象征意义。
",2025-11-03 12:15:05
108,《指尖的旋律》,14B,9.0,[],"评估成功：评价：作文紧扣主题，情感真挚，结构清晰，语言流畅，通过个人经历生动展现音乐与内心的共鸣。
分数：9.",2025-11-03 12:15:10
109,《脚步的节奏》,14B,9.0,[],"评估成功：评价：文章紧扣主题，结构清晰，语言优美，通过个人经历生动展现脚步节奏的深层含义，富有感染力。
分数：",2025-11-03 12:15:15
110,《目光所及》,14B,9.0,[],"评估成功：评价：文章紧扣主题，结构清晰，语言优美，情感真挚，通过不同阶段的视角变化展现成长与感悟。
分数：9.",2025-11-03 12:15:20
111,《心中的灯塔》,14B,8.5,[],"评估成功：评价：紧扣主题，结构清晰，语言优美，引用丰富，但创新性稍显不足。
分数：8.5",2025-11-03 12:15:26
112,《遗失的美好》,14B,9.2,[],"评估成功：评价：情感真挚，结构完整，通过外婆织毛衣的细节生动展现遗失的美好，语言优美，结尾升华主题。
分数：9",2025-11-03 12:15:32
113,《重逢的喜悦》,14B,8.5,[],"评估成功：评价：情感真挚，描写细腻，结构完整，通过具体场景生动展现了重逢的喜悦。
分数：8.5",2025-11-03 12:15:37
114,《别离的笙箫》,14B,8.5,[],"评估成功：评价：情感真挚，结构完整，语言优美，紧扣离别主题，但创新性稍显不足。
分数：8.5",2025-11-03 12:15:42
115,《等待的时光》,14B,8.2,[],"评估成功：评价：文章紧扣主题，结构清晰，引用丰富，语言优美，但创新性稍显不足。
分数：8.2",2025-11-03 12:15:47
116,《追寻的脚步》,14B,9.2,[],"评估成功：评价：紧扣主题，结构清晰，语言优美，引用丰富，展现了追寻的深层意义。
分数：9.2",2025-11-03 12:15:52
117,《守护的誓言》,14B,8.2,[],"评估成功：评价：情感真挚，紧扣主题，结构完整，语言流畅，但创新性稍显不足。
分数：8.2",2025-11-03 12:15:58
118,《破茧的勇气》,14B,8.5,[],"评估成功：评价：紧扣主题，结构清晰，语言优美，引用丰富，但创新性稍显不足。
分数：8.5",2025-11-03 12:16:03
119,《绽放的瞬间》,14B,9.2,[],"评估成功：评价：紧扣主题，通过舞蹈比赛经历生动展现""绽放""过程，结构完整，语言优美，情感真挚。
分数：9.2",2025-11-03 12:16:08
120,《沉淀的智慧》,14B,8.5,[],"评估成功：评价：文章紧扣主题，结构清晰，语言优美，引用丰富，但创新性稍显不足。
分数：8.5",2025-11-03 12:16:13
121,《流动的时光》,14B,9.2,[],"评估成功：评价：文章紧扣主题，结构清晰，语言优美，通过自然、历史和个人层面展现时光流动，富有哲理和感染力。
分",2025-11-03 12:16:18
122,《静止的永恒》,14B,9.2,[],评估成功：评价：文章紧扣主题，结构清晰，语言优美，通过艺术、哲学和内心三个层面深入探讨静止与永恒的关系，富有哲,2025-11-03 12:16:24
123,《远山的呼唤》,14B,8.5,[],"评估成功：评价：紧扣主题，结构完整，语言优美，探讨自然与文明关系，富有哲理性。
分数：8.5",2025-11-03 12:16:29
124,《近水的柔情》,14B,8.5,[],"评估成功：评价：紧扣主题，结构清晰，语言优美，通过江南水乡的描绘和文学引用，生动展现了水的柔情与人文情感。
分",2025-11-03 12:16:34
125,《高处的视野》,14B,9.2,[],"评估成功：评价：文章紧扣主题，结构清晰，语言优美，通过自然景观与哲理结合，展现了高远视野的深层含义。
分数：9",2025-11-03 12:16:39
126,《深处的秘密》,14B,8.2,[],"评估成功：评价：情感真挚，结构完整，通过细腻描写揭示父辈秘密，语言优美，但创新性稍显不足。
分数：8.2",2025-11-03 12:16:44
127,《简单的幸福》,14B,8.0,"[8, 8]","这篇作文紧扣“简单的幸福”主题，通过日常生活中的具体事例（如早餐、路人善意、自然场景）生动诠释了幸福源于平凡细节的理念。结构清晰，语言流畅且富有诗意，运用比喻和细节描写增强了感染力。不过，部分表达略显常见，深度上可以进一步挖掘简单幸福对现代生活的启示。

最终评分：[[8]]
---
这篇作文紧扣“简单的幸福”主题，通过早餐、街角善意、公园场景等日常细节，生动展现了平凡生活中的温暖。语言流畅优美，比喻贴切（如“露珠折射光芒”），结构清晰递进，从具体事例自然过渡到哲理思考。但部分表达略显常见（如“清茶”比喻），深度上可进一步挖掘简单与复杂社会的对比。

最终评分：[[8]]",2025-11-03 12:16:55
128,《复杂的真相》,14B,7.5,"[7, 8]","这篇作文以《罗密欧与朱丽叶》为例，深入探讨了真相的多面性，紧扣题目“复杂的真相”，引用文学、哲学和历史观点来支持论点，结构清晰，语言流畅。然而，部分引用（如《论语》和老子的话）与主题的关联性稍弱，可能影响整体深度和准确性。

最终评分：[[7]]
---
这篇作文以《罗密欧与朱丽叶》为例，深入探讨了真相的多面性，紧扣题目“复杂的真相”，结构清晰，语言流畅，并融入了文学、哲学和历史视角，增强了深度和说服力。然而，部分引用（如《论语》和老子的话）与主题的关联性略显牵强，且分析在某些地方可以更深入，以更全面地展现真相的复杂性。

最终评分：[[8]]",2025-11-03 12:17:04
129,《失去的珍贵》,14B,8.5,"[9, 8]","这篇作文紧扣""失去的珍贵""主题，通过奶奶亲手织的围巾这一具体物品，生动展现了失去后的情感体验和人生感悟。文章结构清晰，从围巾的细节描写到失去过程的叙述，再到最后的哲理升华，层层递进。语言细腻流畅，情感真挚动人，特别是对围巾触感、奶奶织围巾场景的描写富有画面感。结尾点题自然，将个人体验升华为普遍的人生哲理，体现了较好的思想深度。

最终评分：[[9]]
---
这篇作文紧扣题目《失去的珍贵》，通过一个具体的物品（奶奶的围巾）来展开叙述，情感真挚，结构清晰。内容上，它有效传达了失去后才懂得珍惜的主题，细节描写生动，如围巾的触感和奶奶织围巾的场景，增强了感染力。语言流畅，表达细腻，但深度上稍显常规，主要围绕个人情感，缺乏更广泛的社会或多角度视角。整体上，它准确无误地完成了作文要求，没有冗余或偏离主题。

最终评分：[[8]]",2025-11-03 12:17:14
130,《得到的意义》,14B,8.0,"[8, 8]","这篇作文紧扣题目“得到的意义”，通过神话、艺术和科学等多元例子，深入探讨了“得到”背后的付出与成长过程。结构清晰，语言流畅，论点层层递进，有效传达了主题思想。不过，部分例子（如普罗米修斯）的细节略有简化，深度上可以进一步拓展多角度视角。

最终评分：[[8]]
---
这篇作文紧扣题目“得到的意义”，通过神话、艺术和科学等领域的例子，深入探讨了“得到”背后的付出、成长与智慧。文章结构清晰，论点层层递进，语言流畅且富有文采，有效传达了主题思想。不过，部分例子（如普罗米修斯）的叙述略显简略，深度上还有提升空间。

最终评分：[[8]]",2025-11-03 12:17:23
131,《过去的影子》,14B,7.0,"[7, 7]","这篇作文紧扣题目“过去的影子”，通过神话、文学和哲学引用，有效探讨了过去对现在的影响。结构清晰，语言流畅，引用恰当，但部分引用与主题的关联性略显牵强，深度上虽有多个角度但分析不够深入。

最终评分：[[7]]
---
这篇作文紧扣题目《过去的影子》，通过神话、文学和哲学引用深入探讨了过去对现在的影响，结构清晰，语言流畅，但部分引用与主题的关联性稍显牵强，影响了整体的准确性和深度。

最终评分：[[7]]",2025-11-03 12:17:29
132,《未来的模样》,14B,8.0,"[8, 8]","这篇作文紧扣题目，从科技与人文的双重视角探讨未来，结构清晰，引用了哲学名言和文学作品来增强深度。语言流畅，逻辑连贯，但部分观点略显概括，缺乏更具体的例证支撑。

- **有用性**：8分 - 有效回应题目，提供了科技与人文平衡的思考框架  
- **相关性**：9分 - 内容始终围绕未来主题，无冗余偏离  
- **准确性**：8分 - 逻辑合理，引用准确，但部分论述较抽象  
- **深度**：7分 - 覆盖科技与人文角度，但分析可更具体深入  
- **表达质量**：9分 - 语言优美，结构严谨，过渡自然  

最终评分：[[8]]
---
这篇作文紧扣题目，从科技与人文两个维度探讨未来，结构清晰，引用了哲学和文学观点来增强深度，语言流畅且富有文采。不过，内容略显抽象，缺乏具体细节支撑，部分观点如科技与人文的平衡未充分展开。

有用性：8  
相关性：9  
准确性：8  
深度：7  
表达质量：9  

最终评分：[[8]]",2025-11-03 12:17:40
133,《现在的重量》,14B,8.0,"[8, 8]","这篇作文通过历史场景与哲学思考的巧妙结合，紧扣“现在的重量”主题，从古罗马角斗士的精神重量延伸到现代人对压力的反思。文章结构清晰，语言流畅且富有诗意，历史事例准确且具象征深度，但现代部分的联系略显简略，未能充分展开多角度探讨。

最终评分：[[8]]
---
这篇作文通过历史场景的生动描绘，巧妙地将物理重量与精神重量联系起来，紧扣主题并展现了深度思考。语言流畅且结构清晰，从古罗马角斗士的象征意义延伸到现代反思，增强了文章的有用性和相关性，但部分历史细节的准确性略显简化，可能影响整体说服力。

最终评分：[[8]]",2025-11-03 12:17:50
134,《虚拟与现实》,14B,8.5,"[9, 8]","这篇作文紧扣“虚拟与现实”主题，从科技发展、哲学反思到文明展望，结构清晰，内容全面。有用性方面，它有效回应了题目需求，提供了丰富的观点和例子；相关性上，全文始终围绕虚拟与现实的互动展开，无冗余；准确性较高，逻辑连贯，引用柏拉图寓言恰当；深度上，覆盖了技术、伦理和哲学多角度，但部分分析可更深入；表达质量优秀，语言流畅，结构合理，富有文学性。

最终评分：[[9]]
---
这篇作文紧扣“虚拟与现实”主题，从科技发展、哲学反思到文明展望，结构清晰，内容全面。有用性高，有效回应了题目需求；相关性强，无冗余内容；准确性良好，逻辑连贯，引用柏拉图寓言恰当；深度中等，覆盖了技术、伦理和哲学视角，但部分分析可更深入；表达质量优秀，语言流畅，结构合理。

最终评分：[[8]]",2025-11-03 12:18:00
135,《传统与革新》,14B,8.0,"[8, 8]","这篇作文紧扣题目，通过丝绸之路、文字演变、活字印刷等具体例子，系统阐述了传统与革新的辩证关系。结构清晰，从引言到论点再到结论，逻辑连贯；语言流畅，运用了比喻和引用，增强了说服力。内容深度足够，覆盖了历史、文化和技术等多个角度，准确无误地表达了主题。然而，部分段落略显重复，表达上可以更精炼。

最终评分：[[8]]
---
这篇作文紧扣题目《传统与革新》，通过丝绸之路、文字演变、活字印刷等具体例子，有效阐释了传统与革新相辅相成的关系。内容逻辑清晰，事实准确，语言流畅且富有文学性，结构完整，从历史到现代的过渡自然。然而，深度略有不足，多角度分析可以更丰富，例如加入更多社会或科技领域的当代案例来增强论证。

最终评分：[[8]]",2025-11-03 12:18:13
136,《个体与集体》,14B,8.5,"[9, 8]","这篇作文紧扣“个体与集体”主题，通过古希腊、文艺复兴和工业革命三个历史阶段，系统阐述了二者的辩证关系。有用性方面，它完整回应了题目要求，提供了丰富的写作内容；相关性上，所有论述都围绕主题展开，没有冗余；准确性较高，历史案例和引用恰当，逻辑清晰；深度上展现了多角度分析，从文明发展视角探讨平衡关系；表达质量优秀，语言流畅，结构层次分明，比喻生动。

最终评分：[[9]]
---
这篇作文紧扣“个体与集体”主题，通过古希腊、文艺复兴和工业革命三个历史阶段，系统阐述了二者的辩证关系。内容结构清晰，论点明确，引用了苏格拉底、达芬奇等具体案例，增强了论证深度。语言流畅且富有文采，如将个体比作“音符”、集体比作“乐章”，形象生动。不过，部分段落（如工业革命部分）的过渡稍显突兀，且结尾的“可持续发展”概念与历史案例的衔接不够自然，略微影响了整体连贯性。

最终评分：[[8]]",2025-11-03 12:18:24
137,《自由与约束》,14B,9.0,"[9, 9]","这篇作文在有用性上完全满足题目要求，深入探讨了自由与约束的辩证关系；相关性方面紧扣主题，从哲学、历史到文化例证都紧密围绕核心论点；准确性较高，逻辑清晰，引用柏拉图、苏格拉底等案例恰当；深度表现突出，通过多角度分析（哲学理论、历史实例、文化比较）展现了思考的层次性；表达质量优秀，结构严谨，语言流畅且富有文采，比喻生动（如“雁行”“交响乐”）。  

最终评分：[[9]]
---
这篇作文紧扣""自由与约束""的主题，通过哲学、历史和文化等多角度论证二者的辩证关系，内容充实且逻辑连贯。有用性和相关性表现突出，完全满足题目要求；准确性方面，引用柏拉图、苏格拉底等例子恰当，观点表达无误；深度上展现了从个体到社会的多层次分析；语言表达流畅优美，结构清晰。唯一可提升之处在于部分论述可更具体化。

最终评分：[[9]]",2025-11-03 12:18:34
138,《快与慢之间》,14B,8.0,"[8, 8]","这篇作文紧扣“快与慢之间”的主题，通过文艺复兴、中国古代文化和现代社会的例子，深入探讨了快与慢的辩证关系，结构清晰，语言流畅，引用恰当，展现了较好的深度和表达质量。

最终评分：[[8]]
---
这篇作文紧扣“快与慢之间”的主题，通过文艺复兴、中国古代文化和现代社会的例子，有效探讨了快与慢的辩证关系，内容充实且逻辑连贯。表达流畅，结构清晰，引用了达芬奇、王羲之、卢梭等人物，增强了深度和说服力，但部分历史细节（如达芬奇创作《蒙娜丽莎》的时间）可能存在不准确之处，且分析可更深入探讨快与慢的内在冲突。

最终评分：[[8]]",2025-11-03 12:18:41
139,《新与旧对话》,14B,9.0,"[9, 9]","这篇作文紧扣""新与旧对话""主题，通过历史典故和文化实例深入探讨了新旧关系的多个维度。文章结构清晰，从传承、交融到共生层层递进，引用《论语》《道德经》等典籍增强了论证深度，语言优美流畅，比喻贴切。整体展现了新旧并非对立而是互补的深刻见解。

最终评分：[[9]]
---
这篇作文紧扣“新与旧对话”主题，通过历史、文化、艺术等多角度展开论述，有效满足了题目需求。内容逻辑清晰，引用孔子、王羲之、《论语》、《道德经》等经典准确恰当，体现了对传统与现代关系的深入思考。语言表达流畅优美，结构层次分明，从传承、交融到并存层层递进，结尾升华主题。整体上深度与文学性兼具，仅在创新观点上略有保守。

最终评分：[[9]]",2025-11-03 12:18:50
140,《动与静之美》,14B,8.0,"[8, 8]","这篇作文紧扣题目，从自然、艺术、历史人物到现代生活，全面探讨了动与静之美的内涵。内容准确，引用恰当，结构清晰，语言流畅，展现了较好的深度和表达质量。不过，部分段落略显概括，细节分析可以更深入。

最终评分：[[8]]
---
这篇作文紧扣题目，从自然、艺术、历史人物到现代生活，全面探讨了动与静的辩证关系，内容充实且逻辑连贯。引用恰当，语言优美，结构清晰，但部分分析略显表面，深度可进一步提升。

最终评分：[[8]]",2025-11-03 12:18:56
141,《得与失之间》,14B,8.5,"[8, 9]","这篇作文紧扣题目，从历史、哲学和文学角度深入探讨了得与失的辩证关系，结构清晰，语言流畅，引用了多个典故和名言来支撑论点，展现了较好的深度和表达质量。不过，部分历史例子的准确性略有不足（如唐太宗的例子不够贴切），且结尾略显仓促。

最终评分：[[8]]
---
这篇作文紧扣题目《得与失之间》，通过历史典故和哲学思想深入探讨了得与失的辩证关系，结构清晰，语言流畅，引用恰当，体现了较强的思辨性和文学性。

1. **有用性**：完全满足作文题需求，提供了丰富的写作内容和深刻的分析，有效回应了主题。  
2. **相关性**：内容始终围绕得与失展开，无偏离主题的冗余内容。  
3. **准确性**：逻辑严谨，引用历史事件和名言准确，观点表达无误。  
4. **深度**：从历史、哲学多角度分析，深入探讨了得与失的辩证关系，覆盖关键细节。  
5. **表达质量**：语言流畅，结构清晰，段落衔接自然，简洁有力。  

最终评分：[[9]]",2025-11-03 12:19:07
142,《苦与乐交织》,14B,8.0,"[8, 8]","这篇作文紧扣题目《苦与乐交织》，通过交响乐比喻、历史人物事例和哲学观点，系统阐述了苦与乐的辩证关系。内容结构清晰，语言流畅，引用准确，从个人体验到文明发展多角度展开，展现了较好的深度和表达力。但部分段落略显重复，创新性稍显不足。

最终评分：[[8]]
---
这篇作文紧扣题目《苦与乐交织》，通过交响乐比喻、历史人物案例和哲学观点，系统阐述了苦与乐的辩证关系。内容结构清晰，从具体事例到抽象哲理层层递进，语言流畅且富有文采，引用恰当，展现了较好的思想深度和表达力。但部分段落略显重复，可进一步精炼。

最终评分：[[8]]",2025-11-03 12:19:14
143,《黑与白之外》,14B,8.0,"[8, 8]","这篇作文有效回应了题目《黑与白之外》，通过引用中国传统文化（如阴阳、老子思想）、历史人物（商汤、秦始皇）和希腊神话（普罗米修斯）等例子，深入探讨了超越二元对立的灰色地带。内容紧扣主题，逻辑清晰，语言流畅，结构完整，展现了较好的深度和表达质量，但部分引用（如塞涅卡的名言）可能缺乏确切来源，略微影响准确性。

最终评分：[[8]]
---
这篇作文有效回应了题目《黑与白之外》，通过引用中国传统文化（如阴阳、老子、《史记》）、希腊神话和哲学观点，深入探讨了超越二元对立的复杂性。内容紧扣主题，逻辑清晰，语言流畅，结构完整，从多个角度论证了灰色地带的存在与价值。然而，部分例子（如塞涅卡的引用）缺乏具体出处，可能影响准确性，且深度上可以进一步拓展现代实例或更细致的分析。

最终评分：[[8]]",2025-11-03 12:19:24
144,《起点与终点》,14B,8.5,"[9, 8]","这篇作文以长江为喻，生动地探讨了起点与终点的哲学关系，结构清晰、语言优美，紧扣主题。有用性高，有效回应了作文题需求；相关性强，无冗余内容；准确性良好，逻辑连贯；深度适中，通过自然现象引申人生哲理；表达质量优秀，流畅且富有感染力。

最终评分：[[9]]
---
这篇作文以长江为喻体，生动地探讨了起点与终点的哲学关系，结构清晰、语言优美，紧扣主题。有用性高，能有效满足作文题需求；相关性强，无冗余内容；准确性良好，逻辑连贯；深度适中，通过自然现象与人生类比，但可进一步扩展多角度视角；表达质量优秀，语言流畅、结构分明。

最终评分：[[8]]",2025-11-03 12:19:32
145,《偶然与必然》,14B,8.5,"[9, 8]","这篇作文在多个维度上表现优异：有用性方面完全满足题目要求，深入探讨了偶然与必然的辩证关系；相关性上紧扣主题，从科学、艺术等角度展开论述，无偏离内容；准确性较高，引用的历史案例和名人名言恰当准确；深度方面展现了多角度分析，既有具体事例又有哲学思考；表达质量出色，语言流畅优美，结构层次分明。

最终评分：[[9]]
---
这篇作文结构清晰，紧扣“偶然与必然”的主题，通过科学史、艺术创作等领域的例子，有效阐述了二者的辩证关系。语言流畅，引用恰当，论点之间逻辑连贯，整体表达质量较高。不过，在深度上可以进一步探讨偶然与必然在当代社会或个体生活中的具体应用，以增强分析的全面性。

最终评分：[[8]]",2025-11-03 12:19:40
146,《表象与本质》,14B,7.0,"[7, 7]","这篇作文较好地回应了题目，围绕“表象与本质”的关系展开论述，结构清晰，分为表象、本质及二者统一三个部分，并运用了科学、艺术和哲学领域的例子来支撑论点。内容具有较好的深度，覆盖了多个视角，语言表达流畅，逻辑连贯。然而，部分段落略显简略，结尾部分似乎不完整，可能影响了整体的完整性和表达质量。

最终评分：[[7]]
---
这篇作文较好地回应了题目要求，围绕“表象与本质”的关系展开论述，结构清晰，分为表象、本质及二者统一三个部分，并引用了科学、艺术和哲学领域的例子来支撑观点。内容紧扣主题，没有明显偏离，逻辑较为连贯，语言表达流畅，用词准确。然而，深度略显不足，对表象与本质关系的分析较为表面，缺乏更深入的辩证思考或多角度视角的拓展，例如未涉及社会现象或个人体验等层面，使得整体内容略显常规。

最终评分：[[7]]",2025-11-03 12:19:50
147,《已知与未知》,14B,8.5,"[8, 9]","这篇作文紧扣题目，通过历史、科学和哲学等多个维度探讨已知与未知的关系，内容充实且逻辑连贯。有用性高，有效回应了作文题的需求；相关性强，无冗余内容；准确性良好，引用的事实和观点正确；深度中等，覆盖了关键视角但分析可更深入；表达质量较高，语言流畅、结构清晰。整体表现均衡，但深度略有不足。

最终评分：[[8]]
---
这篇作文紧扣""已知与未知""的主题，通过历史、科学和哲学等多个维度展开论述，结构清晰，论证充分。有用性方面，完全满足作文题需求，提供了丰富的写作内容；相关性上，始终围绕主题展开，没有偏离；准确性较高，引用的历史事件和名人名言基本正确；深度方面，从古代到现代，从具体到抽象，展现了多角度思考；表达质量优秀，语言流畅，逻辑连贯，富有文学性。

最终评分：[[9]]",2025-11-03 12:20:00
148,《有限与无限》,14B,9.0,"[9, 9]","这篇作文在有用性上充分回应了题目要求，通过哲学、科学和艺术等多个领域探讨了有限与无限的辩证关系；内容高度相关，始终紧扣主题，没有偏离；准确性方面，引用了多位思想家和艺术家的观点，逻辑清晰；深度上展现了多角度分析，从认知边界到精神追求层层递进；表达质量优秀，结构严谨，语言流畅且富有文采。

最终评分：[[9]]
---
这篇作文紧扣“有限与无限”的主题，从科学、艺术和哲学角度深入探讨了两者的辩证关系，引用了爱因斯坦、康德、黑格尔等权威观点，增强了内容的深度和说服力。结构清晰，语言流畅，逻辑连贯，有效满足了作文题的需求。不过，部分段落略显抽象，可能影响表达的简洁性。

最终评分：[[9]]",2025-11-03 12:20:08
149,《瞬间与永恒》,14B,8.5,"[9, 8]","这篇作文在多个维度上表现出色：有用性方面，它充分回应了题目要求，通过哲学、科学、艺术等多个角度深入探讨了瞬间与永恒的关系；相关性上，内容始终紧扣主题，没有偏离；准确性较高，引用的哲学观点和事例恰当；深度上展现了多维度思考，从东西方哲学到科学艺术均有涉及；表达质量优秀，结构清晰，语言流畅且富有文采。唯一可提升之处是部分哲学概念的阐释可以更通俗化。

最终评分：[[9]]
---
这篇作文在有用性上充分回应了题目要求，通过哲学、科学、艺术等多个维度探讨了瞬间与永恒的关系；内容紧扣主题，没有偏离的冗余信息；逻辑结构清晰，引用的哲学观点和艺术实例准确恰当；分析较为深入，涵盖了东西方哲学、科学精神和艺术价值等多元视角；语言表达流畅优美，结构层次分明，结尾富有哲理意味。不过部分段落间的过渡略显生硬，深度上还可以进一步挖掘瞬间与永恒的内在辩证关系。

最终评分：[[8]]",2025-11-03 12:20:19
150,《理想与现实》,14B,8.0,"[8, 8]","评估理由：这篇作文紧扣""理想与现实""主题，通过苏格拉底、达芬奇和爱因斯坦等历史人物的具体事例，深入探讨了两者的辩证关系。文章结构清晰，语言流畅，引用了恰当的名言和比喻，展现了良好的逻辑性和思想深度，但部分段落之间的过渡略显生硬。

最终评分：[[8]]
---
这篇作文紧扣题目《理想与现实》，通过历史人物（如苏格拉底、达芬奇、爱因斯坦）和名言有效探讨了理想与现实的关系，强调它们相互依存而非对立。内容逻辑清晰、事实准确，语言流畅且结构合理，引言、正文和结论连贯。然而，分析深度稍显不足，主要依赖经典例子而缺乏更广泛的视角或批判性思考，表达虽优美但部分段落略显重复。

最终评分：[[8]]",2025-11-03 12:20:27
151,《理性与感性》,14B,8.0,"[8, 8]","这篇作文紧扣“理性与感性”的主题，通过历史人物、艺术创作和哲学观点等多角度论证两者的互补关系，结构清晰，语言流畅，引用准确，展现了较好的深度和表达质量。然而，部分段落略显重复，且结尾的升华稍显常规，影响了创新性。

最终评分：[[8]]
---
这篇作文紧扣“理性与感性”的主题，通过历史人物、艺术创作和哲学观点等多角度论证两者的互补关系，结构清晰，语言流畅。有用性高，完全满足作文题需求；相关性强，无冗余内容；准确性良好，逻辑和引用无误；深度中等，覆盖了关键视角但分析可更深入；表达质量优秀，段落衔接自然。

最终评分：[[8]]",2025-11-03 12:20:35
152,《规则与突破》,14B,9.0,"[9, 9]","这篇作文紧扣“规则与突破”的主题，从文明发展的角度展开论述，结构清晰，论点明确。有用性高，完全满足作文题需求，提供了丰富的历史和文化例证；相关性强，内容始终围绕主题，无冗余；准确性良好，逻辑连贯，引用恰当；深度较好，涵盖了科学、艺术、哲学等多领域视角；表达质量高，语言流畅，比喻生动，结尾升华有力。

最终评分：[[9]]
---
这篇作文紧扣题目，从规则与突破的辩证关系展开论述，结构清晰，论点明确。引用了历史、科学、艺术等多个领域的例子，如商鞅变法、伽利略、李白等，增强了内容的深度和说服力。语言流畅，表达富有文采，逻辑连贯，能有效满足作文题的需求。不过，部分例子（如毕达哥拉斯定理与非欧几何的关联）在准确性上略有瑕疵，但整体影响不大。

最终评分：[[9]]",2025-11-03 12:20:44
153,《继承与创造》,14B,8.0,"[8, 8]","这篇作文紧扣“继承与创造”的主题，通过孔子、王阳明、谷歌和莫高窟等跨领域实例，有效论证了二者的辩证关系，内容充实且逻辑连贯。语言表达流畅，结构清晰，引经据典增强了说服力，但部分分析可以更深入，例如对现代例子的探讨略显简略。

最终评分：[[8]]
---
这篇作文紧扣“继承与创造”的主题，通过孔子、王阳明、谷歌和莫高窟等跨领域例子，有效论证了二者的辩证关系，内容充实且逻辑清晰。语言表达流畅，结构合理，但部分例子的分析深度略有不足，未能完全展开多角度视角。

最终评分：[[8]]",2025-11-03 12:20:51
154,《接纳与改变》,14B,8.0,"[8, 8]","这篇作文紧扣题目，通过蝴蝶破茧的比喻引出主题，结构清晰，论证层层递进。有用性方面，充分回应了题目要求，探讨了接纳与改变的辩证关系；相关性上，内容始终围绕主题，没有冗余；准确性较高，引用了老子、庄子、达芬奇等恰当的例子，逻辑合理；深度上，从哲学、历史、艺术多角度分析，展现了较好的思辨性；表达质量优秀，语言流畅，比喻生动，结构完整。但部分引用（如赫拉克利特的名言）与主题的关联性稍弱，略有提升空间。

最终评分：[[8]]
---
这篇作文紧扣题目，通过蝴蝶破茧的比喻引出主题，结构清晰，论证层层递进。有用性方面，充分回应了题目要求，探讨了接纳与改变的辩证关系；相关性上，内容始终围绕主题展开，无冗余；准确性较高，引用老子、庄子、达芬奇等例子恰当，逻辑连贯；深度上，从哲学、历史、艺术多角度分析，展现了较深入的思考；表达质量优秀，语言流畅，比喻生动，结构合理。但部分论点（如莫奈的例子）略显简略，影响了论证的充分性。

最终评分：[[8]]",2025-11-03 12:21:03
155,《索取与给予》,14B,8.0,"[8, 8]","这篇作文紧扣“索取与给予”的主题，通过哲学、历史和文学等多角度论证二者的辩证关系，结构清晰，逻辑连贯。语言表达流畅，引用了普罗米修斯、大禹治水、范仲淹等恰当例子，增强了深度和说服力，但部分论述略显抽象，可能影响可读性。

最终评分：[[8]]
---
**评估理由：**  
该作文紧扣“索取与给予”的辩证关系，通过哲学、历史与文学案例（如普罗米修斯、大禹治水、儒释道思想）展开多角度分析，结构清晰，语言流畅且富有思辨性。但部分论点（如“索取与给予是同一回事”）的论证稍显简略，深度可进一步拓展。  

**最终评分：[[8]]**",2025-11-03 12:21:11
156,《开放与坚守》,14B,9.0,"[9, 9]","这篇作文紧扣题目，通过历史实例和比喻深入探讨了开放与坚守的辩证关系，结构清晰，语言流畅，有效满足了作文题的需求。

- **有用性**：作文充分回应题目，提供了丰富的论据和观点，帮助读者理解主题。  
- **相关性**：内容始终围绕开放与坚守展开，无偏离主题的冗余。  
- **准确性**：逻辑连贯，事实引用（如丝绸之路、亚历山大图书馆）准确，观点表达无误。  
- **深度**：分析深入，覆盖了历史、文化、哲学等多角度视角，并强调了二者的统一性。  
- **表达质量**：语言优美，结构层次分明，简洁有力。  

最终评分：[[9]]
---
这篇作文紧扣题目，通过历史实例和比喻深入探讨了开放与坚守的辩证关系，结构清晰，语言流畅，有效回应了作文要求。

- **有用性**：充分满足题目需求，提供了丰富的写作内容和论证。  
- **相关性**：始终围绕主题，无冗余或偏离内容。  
- **准确性**：逻辑严谨，事实引用恰当，观点表达无误。  
- **深度**：分析深入，覆盖多角度视角（如历史、文化、哲学）。  
- **表达质量**：语言优美，结构层次分明，简洁有力。  

最终评分：[[9]]",2025-11-03 12:21:22
157,《喧嚣与宁静》,14B,7.5,"[8, 7]","这篇作文从中国传统文化角度深入探讨了喧嚣与宁静的辩证关系，通过引用《道德经》《庄子》等经典和陶渊明、王维等文人的例子，有效回应了题目要求。内容紧扣主题，逻辑清晰，语言流畅，结构完整，展现了较好的深度和文化内涵。不过，部分段落略显抽象，现代社会的对比分析可以更具体。

最终评分：[[8]]
---
这篇作文从中国传统文化角度深入探讨了喧嚣与宁静的辩证关系，通过引用《道德经》《庄子》等经典和陶渊明、王维等文人实例，有效回应了题目要求。内容紧扣主题，逻辑清晰，语言流畅，结构完整，展现了较好的深度和文化内涵。然而，部分段落略显抽象，现代社会的对比可以更具体，整体表达稍显重复。

最终评分：[[7]]",2025-11-03 12:21:31
158,《繁华与质朴》,14B,8.0,"[8, 8]","这篇作文紧扣“繁华与质朴”的主题，通过历史人物和文学典故深入探讨了两者的辩证关系，结构清晰，语言流畅，引用恰当，体现了较强的文学性和思想深度。然而，部分段落略显重复，现代部分的论述可以更具体。

最终评分：[[8]]
---
这篇作文紧扣“繁华与质朴”的主题，通过历史人物和文学典故深入探讨了两者的辩证关系，结构清晰，语言流畅，引用恰当，体现了较好的思想深度和文化底蕴。然而，部分段落略显重复，现代部分的论述可以更具体一些。

最终评分：[[8]]",2025-11-03 12:21:37
159,《现代与古典》,14B,8.0,"[8, 8]","这篇作文紧扣“现代与古典”的主题，通过丰富的文化、艺术和科技例子，系统地探讨了两者的关系，强调其互补性和传承性。结构清晰，语言流畅，引用了歌德等名言，增强了说服力。然而，部分论点略显泛化，深度上可以进一步挖掘现代与古典冲突的具体表现，以增强分析的全面性。

最终评分：[[8]]
---
这篇作文紧扣“现代与古典”的主题，通过丰富的文化、科技和艺术实例，有效探讨了两者的互补关系，结构清晰，语言流畅，并引用了歌德等名言增强深度。然而，部分论点如文艺复兴与现代的直接联系略显简化，可能影响逻辑的严密性，整体表达虽有文采但个别段落稍显冗长。

最终评分：[[8]]",2025-11-03 12:21:45
160,《东方与西方》,14B,8.0,"[8, 8]","这篇作文紧扣“东方与西方”的主题，从物质文明、精神文明和生态智慧等角度展开对比，结构清晰，内容充实。引用苏格拉底、孔子等名人名言增强了权威性，语言流畅且富有文采，体现了较好的深度和表达质量。不过，部分观点略显概括，缺乏更具体的例证支撑，影响了分析的细致程度。

最终评分：[[8]]
---
这篇作文紧扣“东方与西方”主题，从物质文明、精神文明和生态智慧等角度展开对比，结构清晰，内容充实。引用苏格拉底、孔子等人物观点增强了论证的权威性，语言流畅且富有文采，结尾升华到文明对话与融合，体现了深度和现实意义。但部分论述略显概括，缺乏更具体的例证支撑。

最终评分：[[8]]",2025-11-03 12:21:53
161,《陆地与海洋》,14B,7.0,"[7, 7]","这篇作文紧扣题目，从历史、神话和现代科技等多个角度探讨了陆地与海洋的关系，结构清晰，语言流畅，并引用了大禹治水、希腊神话等例子来增强深度和说服力。然而，部分内容如Noah方舟的引用略显牵强，且结尾引用爱因斯坦的名言与主题关联性稍弱，影响了整体的准确性和深度。

最终评分：[[7]]
---
这篇作文紧扣题目，从历史、神话和现代科技等多个角度探讨了陆地与海洋的关系，结构清晰，语言流畅，并引用了大禹治水、希腊神话等例子来增强深度。然而，部分内容如Noah方舟的引用略显牵强，且结尾引用爱因斯坦的名言与主题关联性稍弱，影响了整体的准确性和深度。

最终评分：[[7]]",2025-11-03 12:22:01
162,《天空与大地》,14B,8.0,"[8, 8]","这篇作文紧扣题目，从哲学、文化和历史角度深入探讨了天空与大地的象征意义及其对人类文明的影响。文章结构清晰，引言、正文和结论层次分明，引用了《诗经》、《楚辞》和《周易》等经典，增强了内容的深度和准确性。语言流畅，表达富有诗意，但部分段落略显抽象，可能影响简洁性。

最终评分：[[8]]
---
这篇作文紧扣题目，从哲学、文化和历史角度深入探讨了天空与大地的象征意义及其对人类文明的影响。文章结构清晰，引言、正文和结论层次分明，语言流畅且富有诗意，引用了《诗经》、《楚辞》和《周易》等经典，增强了内容的深度和准确性。然而，部分观点略显抽象，缺乏更具体的现代实例来丰富论述，可能影响实用性和细节覆盖。

最终评分：[[8]]",2025-11-03 12:22:10
163,《森林与沙漠》,14B,8.5,"[9, 8]","这篇作文紧扣题目要求，通过对比森林与沙漠的生态特征和功能，展现了清晰的逻辑结构和丰富的文学表达。内容准确引用了达尔文的观点，并深入探讨了不同生态系统的适应性与互补性，体现了对自然平衡的深刻理解。语言流畅、结构分明，从引言到结论层层递进，有效传达了保护环境的主题。

最终评分：[[9]]
---
这篇作文紧扣题目《森林与沙漠》，通过对比和互补的角度展开论述，结构清晰，语言流畅。有用性方面，它充分满足了作文题的需求，提供了丰富的生态知识和文学描述；相关性上，内容始终围绕主题，没有冗余；准确性较高，逻辑连贯，引用达尔文观点恰当；深度上，覆盖了森林和沙漠的生态功能、适应策略及平衡关系，但多角度分析稍显表面；表达质量优秀，比喻生动，段落衔接自然。整体是一篇高质量的作文，但深度可进一步挖掘。

最终评分：[[8]]",2025-11-03 12:22:19
164,《春天与秋天》,14B,8.0,"[8, 8]","这篇作文通过个人经历与季节意象的巧妙结合，生动地探讨了春天与秋天的象征意义，并引申到生命成长与智慧沉淀的主题。文章紧扣题目，结构清晰，语言优美流畅，运用了恰当的文学引用和比喻，增强了表达的深度和感染力。然而，部分细节如“finger”的重复使用略显生硬，略微影响了整体表达的准确性。

最终评分：[[8]]
---
这篇作文通过个人经历与季节意象的巧妙结合，生动地探讨了春天与秋天的象征意义，展现了从青春好奇到成熟智慧的成长历程。语言优美流畅，结构清晰，情感真挚，并融入了文学引用和哲理思考，增强了内容的深度和感染力。然而，部分细节如“finger”的重复使用略显冗余，略微影响表达精确性。

最终评分：[[8]]",2025-11-03 12:22:28
165,《夏天与冬天》,14B,8.5,"[8, 9]","这篇作文紧扣题目，通过对比夏天与冬天的自然特征和文化内涵，深入探讨了生命的热烈与沉思、成长与净化的辩证关系。文章结构清晰，从季节描写到哲理升华，逻辑连贯；引用泰戈尔、老子、古希腊神话等多元文化元素，增强了内容的深度和文学性；语言流畅优美，比喻生动（如“阳光像无声的独白”），表达简洁有力。但部分段落（如对梵高和贝多芬的引用）与主题的直接关联稍弱，略有冗余。

最终评分：[[8]]
---
这篇作文紧扣题目，通过对比夏天与冬天的自然特征和文化象征，深入探讨了生命的热烈与沉思、成长与净化的哲理。文章结构清晰，语言优美，引用了泰戈尔、老子、古希腊神话等多元文化元素，增强了内容的深度和文学性。表达流畅，比喻生动，逻辑连贯，有效传达了季节更替中蕴含的人生智慧。

最终评分：[[9]]",2025-11-03 12:22:37
166,《白天与黑夜》,14B,8.5,"[9, 8]","这篇作文紧扣题目《白天与黑夜》，从哲学、文学和科学角度深入探讨了二者的象征意义及其对人类文明的影响。内容结构清晰，语言流畅，引用了赫拉克利特、里尔克和拜伦等名家观点，增强了深度和说服力。有用性高，完全满足作文需求；相关性紧密，无冗余内容；准确性良好，逻辑和引用无误；深度覆盖了多角度视角；表达质量优秀，结构分明且语言优美。

最终评分：[[9]]
---
这篇作文紧扣题目，从哲学、文学和科学角度深入探讨了白天与黑夜的象征意义及其对人类文明的互补作用。结构清晰，语言流畅，引用了赫拉克利特、里尔克和拜伦等名家观点，增强了内容的深度和说服力。不过，部分表达略显抽象，可能影响简洁性。

最终评分：[[8]]",2025-11-03 12:22:45
167,《阳光与雨露》,14B,8.0,"[8, 8]","这篇作文紧扣题目，通过生动的自然描写和人生哲理的引申，有效探讨了阳光与雨露的象征意义。文章结构清晰，语言优美流畅，运用比喻和对比手法增强了表达力，但在深度上略显常规，缺乏新颖视角或更细致的分析。

最终评分：[[8]]
---
这篇作文紧扣题目，通过生动的自然描写和人生哲理的引申，有效探讨了阳光与雨露的象征意义。文章结构清晰，语言优美，运用比喻和对比手法增强了表达力，但在深度上略显常规，缺乏新颖视角或更具体的例证支撑。

最终评分：[[8]]",2025-11-03 12:22:52
168,《山川与平原》,14B,8.0,"[9, 7]","这篇作文紧扣题目，通过对比山川与平原的自然特征、历史意义和人文价值，展现了丰富的文化内涵和哲理性思考。内容结构清晰，语言流畅，引用恰当，深度和广度兼备，有效满足了作文题目的要求。

最终评分：[[9]]
---
这篇作文紧扣题目，通过对比山川与平原的自然特征、历史意义和人文价值，展现了丰富的文化内涵和哲理性思考。内容结构清晰，语言流畅，引用恰当，但部分表述略显夸张，深度和准确性略有不足。

最终评分：[[7]]",2025-11-03 12:22:59
169,《城市与田野》,14B,8.0,"[8, 8]","这篇作文在有用性上充分回应了题目要求，探讨了城市与田野的对比与互补关系；内容紧扣主题，没有偏离；逻辑和引用准确，如卢梭、毕达哥拉斯等观点运用恰当；深度上覆盖了历史、哲学和现代实践等多角度，分析较为深入；表达流畅，结构清晰，语言富有诗意。但部分段落略显抽象，细节支撑可更具体。

最终评分：[[8]]
---
这篇作文紧扣题目，通过对比和互补的视角深入探讨了城市与田野的关系，结构清晰，论点明确。引用多位思想家的观点增强了论证深度，语言流畅且富有诗意，有效传达了和谐共生的主题。不过，部分段落略显抽象，具体实例可以更丰富以提升说服力。

最终评分：[[8]]",2025-11-03 12:23:07
170,《道路与方向》,14B,8.0,"[8, 8]","这篇作文紧扣题目《道路与方向》，通过历史实例和文明发展脉络，有效探讨了道路作为文明载体与方向作为指引的双重意义。内容结构清晰，从古罗马道路到丝绸之路、郑和下西洋，层层递进，逻辑连贯，语言流畅且富有文采，引用塞涅卡和普罗米修斯等增强了深度。不过，部分例子（如普罗米修斯）与主题的直接关联稍弱，且分析可更深入探讨个人层面的“方向”选择。总体而言，它很好地满足了作文要求，展现了较强的表达能力和思考广度。

最终评分：[[8]]
---
这篇作文紧扣“道路与方向”的主题，通过历史实例（如古罗马道路、丝绸之路、郑和下西洋）和名人引言（塞涅卡、普罗米修斯）有效探讨了文明发展与人类探索的关系。内容结构清晰，逻辑连贯，语言流畅且富有文采，展现了较好的深度和广度。不过，部分例子的分析可以更深入，以增强论证的精确性。

最终评分：[[8]]",2025-11-03 12:23:16
171,《起点与远方》,14B,8.5,"[8, 9]","这篇作文紧扣题目《起点与远方》，通过神话、历史和个人成长案例，系统阐述了起点与远方的辩证关系。内容结构清晰，从引言到正文再到结论，逻辑连贯；引用丰富且准确，如伊卡洛斯传说、哥伦布航海、王羲之练字等，增强了说服力。语言表达流畅优美，运用比喻和诗句提升文学性，深度上覆盖了个人、文明和哲学视角，但部分段落略显重复，可进一步精简。

最终评分：[[8]]
---
这篇作文紧扣题目《起点与远方》，通过神话、历史和个人成长案例，系统阐述了起点与远方的辩证关系。内容结构清晰，从宏观文明到微观个体，层层递进，引用恰当且逻辑连贯。语言表达流畅优美，比喻和诗句的运用增强了感染力，深度上覆盖了探索精神、坚持积累和哲学思考等多角度。

最终评分：[[9]]",2025-11-03 12:23:26
172,《故乡与他乡》,14B,8.0,"[8, 8]","这篇作文紧扣题目《故乡与他乡》，通过生动的个人回忆和文学引用，有效探讨了故乡的温暖与他乡的孤独之间的对比。内容准确、情感真挚，结构清晰，语言流畅，但深度略有不足，未能充分展开多角度视角。

最终评分：[[8]]
---
这篇作文紧扣题目《故乡与他乡》，通过生动的个人回忆和文学引用，有效探讨了故乡与他乡的情感对比。文章结构清晰，从具体场景描写过渡到情感升华，语言流畅且富有感染力，准确表达了乡愁的普遍主题。不过，深度上虽有文学点缀，但分析视角较为单一，主要停留在个人情感层面，缺乏更广泛的社会或文化视角拓展。

最终评分：[[8]]",2025-11-03 12:23:33
173,《家庭与社会》,14B,8.0,"[8, 8]","这篇作文紧扣题目，从家庭的教育功能、社会结构作用及互动关系等角度展开论述，结构清晰，语言流畅，并运用了恰当的比喻和例证来支撑观点。内容深度较好，涵盖了历史与现代的对比，但部分论述略显概括，缺乏更具体的分析。

最终评分：[[8]]
---
这篇作文紧扣“家庭与社会”的主题，从教育、社会结构、互动关系等多个角度展开论述，结构清晰，语言流畅。内容上既涵盖了家庭作为教育场所和社会基本单位的作用，也探讨了家庭与社会的动态关系，具有一定的深度和广度。表达上使用比喻和例证，增强了说服力，但部分论述略显抽象，缺乏更具体的当代实例支撑。

最终评分：[[8]]",2025-11-03 12:23:41
174,《个人与世界》,14B,8.5,"[9, 8]","这篇作文紧扣“个人与世界”的主题，通过神话、历史和文化实例深入探讨了个人对世界的影响以及世界对个人的塑造，展现了良好的逻辑结构和流畅的表达。有用性方面，它有效回应了题目需求，提供了丰富的写作内容；相关性上，全文始终围绕主题，无冗余；准确性较高，引用的事实和观点基本正确；深度上，覆盖了多角度视角，如历史人物、哲学思想和文化贡献；表达质量优秀，语言生动，结构清晰。

最终评分：[[9]]
---
这篇作文紧扣""个人与世界""的主题，通过神话、历史人物和文化实例深入探讨了二者的互动关系。文章结构清晰，从引言到结论层层递进，语言流畅且富有诗意，有效运用了比喻和象征手法来增强表达力。内容涵盖了个人对世界的影响以及世界对个人的塑造，展现了多角度的思考，但部分例子的分析可以更深入一些。

最终评分：[[8]]",2025-11-03 12:23:50
175,《自我与他人》,14B,7.0,"[7, 7]","这篇作文在有用性上基本满足题目要求，探讨了自我认知、自我实现与自我超越等主题，但内容略显不完整（结尾突然中断）。相关性较强，紧扣自我与他人的关系展开，没有明显偏离主题。准确性方面，逻辑清晰，引用古希腊哲学和神话恰当，但结尾不完整影响整体表达。深度上，文章从多角度分析自我认知过程，并融入哲学和艺术例子，展现了一定思考层次。表达质量方面，语言流畅优美，结构清晰，但结尾不完整是明显缺陷。

最终评分：[[7]]
---
这篇作文围绕""自我与他人""主题展开，结构清晰，从自我认知、自我实现到自我超越层层递进，引用了哲学和文学典故来支撑论点。内容紧扣主题，逻辑连贯，语言表达流畅且富有文采。不过，在""自我超越""部分略显不完整，结尾有些突兀，影响了整体深度和完整性。

最终评分：[[7]]",2025-11-03 12:24:00
176,《内在与外在》,14B,8.0,"[8, 8]","评估理由：这篇作文紧扣“内在与外在”的主题，通过引用传统文化、哲学思想和现代现象，深入探讨了内在精神与外在物质的关系，结构清晰、语言流畅，但部分论述略显抽象，缺乏更具体的现实案例支撑。

最终评分：[[8]]
---
这篇作文紧扣“内在与外在”的主题，从文化、哲学和现代生活角度深入探讨了内在精神与外在物质的关系，引用了陶渊明、道家儒家思想等恰当例子，逻辑清晰，语言流畅，结构完整。不过，部分段落略显重复，深度上虽有覆盖但分析可更精炼。

最终评分：[[8]]",2025-11-03 12:24:06
177,《身体与心灵》,14B,8.0,"[8, 8]","这篇作文紧扣题目《身体与心灵》，从哲学角度深入探讨了二者的关系，结构清晰，论点明确，引用了柏拉图、笛卡尔、黑格尔等哲学家的观点，以及苏格拉底、伽利略等历史事例，增强了论证的权威性和深度。语言流畅，表达正式但易于理解，整体逻辑连贯，结论呼应引言，强调了平衡与统一。然而，部分引用（如庄子、老子）的解读略显简化，可能影响准确性，且深度虽覆盖多角度，但缺乏更现代的视角或批判性分析。

最终评分：[[8]]
---
这篇作文紧扣题目，从哲学角度深入探讨身体与心灵的关系，结构清晰，引用了柏拉图、笛卡尔、黑格尔等哲学家的观点，并辅以历史事例，论证有力。语言流畅，逻辑连贯，表达质量高，但部分引用（如伽利略的例子）与主题的关联性稍弱，略微影响了准确性。

最终评分：[[8]]",2025-11-03 12:24:16
178,《物质与精神》,14B,8.0,"[8, 8]","这篇作文紧扣""物质与精神""的主题，通过溪水与清泉的比喻构建了清晰的论述框架。内容上引用了赫拉克利特、老子、歌德等哲学家的观点，并结合中国历史实例，展现了物质基础与精神追求的辩证关系。结构层次分明，从古代到现代，从理论到实践，论证较为深入。语言表达流畅优美，比喻贴切，但部分历史细节的准确性有待商榷（如爱因斯坦提出相对论时的具体工作背景）。

最终评分：[[8]]
---
这篇作文紧扣“物质与精神”的主题，通过哲学引用、历史案例和比喻手法，有效探讨了两者的关系，内容充实且逻辑连贯。表达流畅，结构清晰，从古代到现代层层递进，但部分历史细节（如赫拉克利特与春秋战国的时间关联）略显牵强，深度上虽有多个角度但分析略显表面。

最终评分：[[8]]",2025-11-03 12:24:25
179,《技术与人文》,14B,8.5,"[9, 8]","这篇作文紧扣《技术与人文》主题，从历史、哲学和现代科技角度深入探讨了两者的互动关系，结构清晰，论点明确，语言流畅。有用性方面，完全满足作文题需求，提供了丰富的例证和深入的分析；相关性上，内容始终围绕技术与人文的相互促进，无偏离主题的冗余；准确性高，逻辑连贯，事实引用恰当；深度上，覆盖了从古希腊到现代的多个视角，展现了关键细节；表达质量优秀，语言简洁有力，结构层次分明。

最终评分：[[9]]
---
这篇作文紧扣《技术与人文》的题目，从历史、哲学和现代视角探讨了技术与人文的相互依存关系，结构清晰，论点明确，并引用了赫拉克利特、《周易》、文艺复兴和现代科技等例子来支撑观点。语言流畅，逻辑连贯，表达简洁有力，体现了较好的深度和广度。不过，部分内容略显抽象，可能缺乏更具体的当代案例来增强说服力。

最终评分：[[8]]",2025-11-03 12:24:34
180,《数字与情感》,14B,9.0,"[9, 9]","这篇作文紧扣题目，通过历史案例和现代应用深入探讨数字与情感的关系，结构清晰，语言流畅。有用性和相关性高，能有效回应题目需求；准确性良好，逻辑和引用恰当；深度体现在多角度分析，如历史、数学和哲学视角；表达质量优秀，段落衔接自然，修辞得当。

最终评分：[[9]]
---
这篇作文紧扣题目，通过历史案例（如毕达哥拉斯学派、笛卡尔的心形线）和现代反思（如社交媒体）深入探讨数字与情感的辩证关系，结构清晰、语言流畅，有效结合了理性分析与感性表达。

最终评分：[[9]]",2025-11-03 12:24:41
181,《机器与人性》,14B,8.0,"[8, 8]","这篇作文紧扣题目，从历史、哲学和未来展望的角度探讨了机器与人性的关系，结构清晰，论点明确，引用了图灵、海德格尔和雨果等名人名言来增强说服力。语言流畅，富有文采，但部分观点略显常见，深度和创新性稍显不足。

最终评分：[[8]]
---
这篇作文紧扣题目《机器与人性》，从历史视角切入，探讨了机器与人类本质的关系，结构清晰，论点明确。有用性高，完全满足作文题需求；相关性强，无偏离主题的内容；准确性良好，逻辑连贯，引用恰当；深度中等，覆盖了历史、哲学和未来展望，但缺乏更细致的多角度分析；表达质量优秀，语言流畅，修辞生动。整体是一篇有思想性的议论文。

最终评分：[[8]]",2025-11-03 12:24:49
182,《创新与传承》,14B,8.5,"[8, 9]","这篇作文紧扣“创新与传承”的主题，结构清晰，从引言到分论点再到结论，逻辑连贯。有用性高，完全满足议论文写作需求，提供了科学、文化和历史等多角度的有效例证。相关性极强，全文无偏离主题的冗余内容，始终围绕创新与传承的相互作用展开。准确性良好，逻辑和事实引用无误，观点表达一致。深度中等，覆盖了创新、传承及其融合的关键方面，但分析略显表面，缺乏更复杂的视角或批判性思考。表达质量高，语言流畅、富有文学性，结构层次分明，简洁有力。

最终评分：[[8]]
---
这篇作文紧扣“创新与传承”的主题，结构清晰，从引言到分论点再到结论，逻辑连贯。有用性强，完全满足题目要求，提供了科学、文化和历史等多方面的有效例证。内容准确，引用的哥白尼、达尔文、景德镇陶瓷和故宫数字化等例子恰当且无误。深度方面，不仅讨论了创新和传承各自的重要性，还深入探讨了它们的融合，覆盖了多角度视角。表达质量高，语言流畅优美，比喻生动（如“双子星辰”），段落过渡自然。

最终评分：[[9]]",2025-11-03 12:25:00
183,《探索与回归》,14B,9.0,"[9, 9]","这篇作文紧扣题目""探索与回归""展开论述，结构清晰完整。有用性方面，充分满足了作文题需求，提供了丰富的例证和理论支撑；相关性上始终围绕主题展开，没有偏离；准确性较高，引用的历史人物和名言恰当合理；深度方面展现了探索与回归的辩证关系，从科学、哲学、文学多角度分析；表达质量优秀，语言流畅优美，比喻生动，逻辑层次分明。

最终评分：[[9]]
---
这篇作文紧扣题目《探索与回归》，通过历史、科学和哲学例子有效阐述了探索与回归的辩证关系。结构清晰，从引言到分论点再到结论，逻辑连贯；语言流畅且富有文学性，引用恰当，如伽利略、苏格拉底和爱因斯坦的名言，增强了深度和说服力。内容覆盖了探索的外向性和回归的内向性，并强调了平衡的重要性，避免了冗余。然而，部分分析可更深入，例如对现代社会的回归例子稍显简略，但整体表现优秀。

最终评分：[[9]]",2025-11-03 12:25:11
184,《冒险与安稳》,14B,7.5,"[7, 8]","这篇作文紧扣题目，通过郑和下西洋、哥伦布航海等历史事例，有效探讨了冒险与安稳的辩证关系。文章结构清晰，从冒险的价值、理性基础到二者的融合，层层递进，语言流畅且引用恰当，增强了说服力。然而，部分段落（如丝绸之路的例子）与主题的关联性稍弱，深度上可以进一步挖掘冒险与安稳在现代社会的具体应用。整体表达质量高，但准确性和深度略有不足。

最终评分：[[7]]
---
这篇作文紧扣“冒险与安稳”的主题，通过郑和下西洋、哥伦布航海等历史事例，有效探讨了两者的辩证关系。文章结构清晰，从冒险的必要性、理性冒险的重要性，到两者融合的价值，层层递进，逻辑连贯。语言表达流畅，引用了司马迁的名言和诗句，增强了文采和说服力。不过，部分论述略显表面，未能深入挖掘冒险与安稳在现代社会的具体应用或矛盾，深度上稍有不足。

最终评分：[[8]]",2025-11-03 12:25:21
185,《挑战与应对》,14B,8.0,"[8, 8]","这篇作文紧扣题目，通过三个比喻（熔炉、阶梯、老师）系统性地阐述了挑战的价值与应对策略，结构清晰、逻辑连贯。例子选取恰当（爱迪生、马云、量子计算），语言流畅且富有感染力，深度上兼顾了个人成长与社会进步的多维视角。唯一可提升的是部分例证稍显常见，创新性略有不足。

最终评分：[[8]]
---
这篇作文结构清晰，紧扣主题，通过三个比喻（熔炉、阶梯、老师）系统性地阐述了挑战的价值与应对策略，引用了爱迪生、马云和量子计算等恰当例子来支撑论点。语言流畅，表达生动，逻辑连贯，能有效传达“挑战促进成长”的核心思想。不过，部分分析略显表面，深度上可以进一步挖掘挑战的内在机制或更复杂的应对案例。

最终评分：[[8]]",2025-11-03 12:25:30
186,《困难与成长》,14B,8.0,"[8, 8]","这篇作文紧扣题目，通过艺术、科学和文学领域的经典案例（贝多芬、居里夫人、达芬奇）有效论证了困难与成长的关系，结构清晰，引言和结论呼应，语言流畅且富有文学性。引用名人名言增强了说服力，但部分例子分析略显表面，深度上可以进一步挖掘困难与个人内在成长的直接联系。

最终评分：[[8]]
---
这篇作文紧扣题目，通过贝多芬、居里夫人和达芬奇等具体例子，有效论证了困难如何促进成长，结构清晰，语言流畅，并引用名言增强说服力。然而，部分论述略显表面，缺乏更深入的心理或社会层面的分析，且例子虽典型但稍显常见。

最终评分：[[8]]",2025-11-03 12:25:39
187,《失败与成功》,14B,8.5,"[9, 8]","这篇作文紧扣“失败与成功”的主题，结构清晰，从引言到正文再到结论，逻辑连贯。内容上引用了爱迪生、莫奈、达芬奇等经典例子，并融入了东西方哲学观点，增强了论证的深度和说服力。语言表达流畅，用词准确，富有文学性，整体上很好地满足了作文题的需求。

最终评分：[[9]]
---
这篇作文紧扣题目，围绕失败与成功的辩证关系展开，结构清晰，引言、正文和结论完整。内容上引用了爱迪生、莫奈和达芬奇等经典例子，增强了论证的深度和说服力，语言流畅且富有文学性，如使用比喻和引用名言。不过，部分段落略显重复，例如多次强调失败是成功之母，可能影响简洁性，但整体逻辑连贯，观点准确。

最终评分：[[8]]",2025-11-03 12:25:48
188,《批评与赞美》,14B,9.0,"[9, 9]","这篇作文紧扣题目，深入探讨了批评与赞美的辩证关系，结构清晰，语言流畅。有用性方面，它充分满足了议论文的需求，提供了历史和文化实例来支撑论点；相关性上，内容始终围绕主题，没有冗余；准确性较高，逻辑连贯，引用恰当；深度上，从古希腊到文艺复兴，再到现代教育，覆盖了多角度分析；表达质量优秀，比喻生动，段落过渡自然。

最终评分：[[9]]
---
这篇作文在多个维度上表现良好：有用性方面，它完整回应了题目要求，系统探讨了批评与赞美的辩证关系；相关性上，全文紧扣主题，没有偏离内容；准确性较高，引用的历史人物和名言基本恰当；深度方面，从历史到现代教育进行了多角度分析；表达质量优秀，结构清晰，语言流畅且富有文采。

最终评分：[[9]]",2025-11-03 12:25:57
189,《孤独与陪伴》,14B,8.5,"[8, 9]","这篇作文紧扣题目，深入探讨了孤独与陪伴的辩证关系，通过引用苏格拉底、达·芬奇、司马迁等历史人物和文学作品的例子，有效支撑了论点。内容逻辑清晰，结构合理，从孤独的价值到陪伴的意义，再到两者的相辅相成，层层递进。语言表达流畅优美，运用比喻和引用增强了文章的深度和感染力，但部分例子（如刘少卿）存在轻微事实错误，整体上仍具说服力和文学性。

最终评分：[[8]]
---
这篇作文紧扣题目，深入探讨了孤独与陪伴的辩证关系，通过引用苏格拉底、达·芬奇、司马迁、贝多芬等历史人物和文学作品的例子，有效支撑了论点。内容逻辑清晰，结构合理，从孤独的价值到陪伴的意义，再到两者的相辅相成，层层递进。语言流畅优美，运用比喻和引用增强了表达力，但部分例子（如刘少卿）可能存在轻微事实偏差，整体深度和相关性较高。

最终评分：[[9]]",2025-11-03 12:26:08
190,《独立与依赖》,14B,9.0,"[9, 9]","这篇作文紧扣题目，从历史到现代多角度探讨了独立与依赖的辩证关系，结构清晰，语言流畅，论证充分。

**评估理由：**  
- **有用性**：完全满足作文题需求，提供了丰富的例证和深入的分析。  
- **相关性**：始终围绕“独立与依赖”主题，无偏离内容。  
- **准确性**：逻辑严谨，例证（如苏格拉底、丝绸之路、特斯拉）恰当且正确。  
- **深度**：覆盖历史、文化、现代科技等多角度，分析深入且具启发性。  
- **表达质量**：语言优美，结构层次分明，过渡自然，简洁有力。  

**最终评分：[[9]]**
---
这篇作文紧扣题目，从历史到现代多角度探讨了独立与依赖的辩证关系，结构清晰，语言流畅，论证充分。有用性方面，完全满足作文题需求，提供了丰富的例证和深入的分析；相关性上，始终围绕主题展开，无冗余内容；准确性高，逻辑严密，事实引用恰当；深度上，覆盖了哲学、历史、商业等多个视角，展现了较强的思辨性；表达质量优秀，语言优美，结构层次分明。

最终评分：[[9]]",2025-11-03 12:26:19
191,《坚强与柔软》,14B,8.0,"[8, 8]","这篇作文紧扣题目，通过引用经典文献和历史人物，深入探讨了坚强与柔软的对立统一关系。结构清晰，从定义到例证再到现实意义，逻辑连贯；语言流畅，表达富有文采，但部分引用略显堆砌，影响了简洁性。

最终评分：[[8]]
---
这篇作文紧扣题目，通过引用经典文献和历史人物，深入探讨了坚强与柔软的对立统一关系。结构清晰，从定义到例证再到现实意义，逻辑连贯；语言流畅，表达富有文采，但部分引用略显堆砌，深度上虽有文化视角但缺乏更广泛的现实应用分析。

最终评分：[[8]]",2025-11-03 12:26:27
192,《勇敢与畏惧》,14B,9.0,"[9, 9]","这篇作文在有用性上充分回应了题目要求，探讨了勇敢与畏惧的辩证关系；相关性上紧扣主题，没有冗余内容；准确性方面逻辑清晰，引用事例和名言恰当；深度上通过历史、文学和现实多角度分析，展现了较丰富的视角；表达质量高，结构清晰，语言流畅。整体表现优秀，但部分分析可更深入。

最终评分：[[9]]
---
这篇作文结构清晰，内容充实，通过历史、文学和现实例子深入探讨了勇敢与畏惧的辩证关系，语言流畅且富有文采，有效回应了题目要求。

- **有用性**：作文充分满足题目需求，提供了丰富的写作内容和观点，帮助读者理解主题。  
- **相关性**：紧扣“勇敢与畏惧”主题，无冗余内容，例子和论述均围绕核心展开。  
- **准确性**：逻辑连贯，事实引用（如哥伦布、文天祥等）准确，观点表达无误。  
- **深度**：分析深入，从历史、文学、现实多角度探讨，强调了二者的平衡与辩证关系。  
- **表达质量**：语言流畅，结构清晰，段落衔接自然，简洁有力。  

最终评分：[[9]]",2025-11-03 12:26:39
193,《热情与冷静》,14B,9.0,"[9, 9]","这篇作文紧扣题目要求，通过三个历史人物的具体事例深入探讨了热情与冷静的辩证关系。文章结构清晰，从引言到例证再到结论层层递进，语言流畅且富有文采。每个例子都准确支撑了论点，既展现了热情的价值，也强调了冷静的重要性，最后在现代语境中升华主题，体现了较好的思想深度和表达水平。

最终评分：[[9]]
---
这篇作文紧扣题目要求，通过三个历史人物的具体事例系统阐述了热情与冷静的辩证关系。文章结构清晰，从引言到例证再到结论层层递进，语言流畅且富有文采。每个例子都能准确支撑论点，张衡体现科学探索中的平衡，达芬奇展示艺术创作中的结合，范仲淹表现政治理想中的协调，论证角度全面。结尾部分升华主题，联系现实意义，使论述更具深度。表达上善用比喻（“热情如火，冷静似水”）和对仗句式，增强了文章感染力。

最终评分：[[9]]",2025-11-03 12:26:49
194,《执着与放下》,14B,8.5,"[9, 8]","这篇作文紧扣题目，通过历史与现代案例深入探讨了执着与放下的辩证关系，结构清晰、语言流畅，引用恰当且分析有深度，有效传达了主题思想。

最终评分：[[9]]
---
这篇作文紧扣题目，围绕“执着与放下”的辩证关系展开，结构清晰，引言、论点、论据和结论完整。有用性强，提供了有效的写作内容；相关性高，始终围绕主题，无冗余；准确性良好，逻辑连贯，引用事例恰当；深度中等，覆盖了历史与现代视角，但分析可更深入；表达质量高，语言流畅，引用经典增强了说服力。

最终评分：[[8]]",2025-11-03 12:26:56
195,《坚持与妥协》,14B,9.0,"[9, 9]","这篇作文紧扣题目，通过神话、历史典故和哲学观点深入探讨了坚持与妥协的辩证关系。结构清晰，从定义到例证再到总结，逻辑连贯；语言流畅且富有文采，如引用普罗米修斯、管仲、文天祥等例子，增强了说服力和深度。内容准确，没有事实错误，且覆盖了个人、历史和社会视角，体现了多维度思考。唯一可提升之处是部分段落稍显抽象，但整体表达质量高。

最终评分：[[9]]
---
这篇作文在多个维度上表现出色：有用性方面，它充分回应了题目要求，通过神话、历史和哲学案例深入探讨了坚持与妥协的关系；相关性上，内容紧扣主题，没有冗余或偏离；准确性高，逻辑清晰，引用的事例和名言恰当；深度方面，从个人到文明层面分析了二者的辩证统一，覆盖了多角度视角；表达质量优秀，结构层次分明，语言流畅且富有文采。唯一可提升之处是部分例证（如管仲）的细节可更精确，但整体影响不大。

最终评分：[[9]]",2025-11-03 12:27:07
196,《努力与天赋》,14B,8.0,"[8, 8]","这篇作文在有用性上完全满足题目要求，深入探讨了努力与天赋的关系；内容紧扣主题，没有偏离；逻辑和事实引用准确，使用了莫扎特、达芬奇等恰当例子；分析覆盖了天赋、努力及其结合的多角度，但深度略有不足，缺乏更批判性的视角；表达流畅、结构清晰，语言简洁有力。整体质量较高，但深度上可进一步提升。

最终评分：[[8]]
---
这篇作文紧扣题目要求，围绕“努力与天赋”的关系展开论述，结构清晰，语言流畅。文章通过莫扎特、达芬奇、乔丹等具体例子，有效论证了天赋与努力相辅相成的观点，引用名人名言增强了说服力。内容深度适中，覆盖了天赋的重要性、努力的价值以及二者的结合，逻辑连贯，表达简洁有力。不过，部分例证略显常见，创新性稍显不足。

最终评分：[[8]]",2025-11-03 12:27:17
197,《勤奋与智慧》,14B,8.0,"[8, 8]","这篇作文紧扣题目，结构清晰，通过历史人物案例有效论证了勤奋与智慧相辅相成的关系。内容准确、逻辑连贯，语言表达流畅且富有文采，但深度上稍显常规，缺乏更独特的视角或批判性思考。

最终评分：[[8]]
---
这篇作文紧扣题目，结构清晰，通过达芬奇、李时珍和居里夫人等具体例子有效论证了勤奋与智慧的相辅相成关系。语言流畅，逻辑连贯，表达富有文采，但部分论述略显常规，深度和创新性稍显不足。

最终评分：[[8]]",2025-11-03 12:27:24
198,《责任与自由》,14B,7.5,"[8, 7]","这篇作文在多个维度上表现良好：有用性方面，它紧扣题目要求，通过历史与文学案例系统探讨了责任与自由的关系；相关性上，内容始终围绕主题展开，没有冗余；准确性较高，逻辑清晰且引用事例恰当；深度方面，从个人到社会层面进行了多角度分析；表达质量优秀，结构连贯、语言流畅。不过，部分例证（如商鞅的引用）可以更精确地关联到自由概念。

最终评分：[[8]]
---
这篇作文有效回应了题目，通过历史与文学案例系统阐述了责任与自由的辩证关系，结构清晰，语言流畅。不过部分例证（如商鞅变法）的阐释略显简略，深度和细节覆盖尚有提升空间。

最终评分：[[7]]",2025-11-03 12:27:32
199,《权利与义务》,14B,9.2,[],"评估成功：评价：文章紧扣主题，结构清晰，语言流畅，引用丰富，展现了权利与义务的辩证关系，富有深度和文采。
分数",2025-11-03 12:27:32
